[
  {
    "Id": "0",
    "Name": "Track Folder Changes 1.0",
    "DevelopmentStatus": "Stable",
    "Description": "Track Folder Changes 1.0 (binary)",
    "ReleasedDatge": "0001-01-01T00:00:00",
    "ModifiedDate": "2011-11-01T05:25:07.273-07:00",
    "Files": [
      {
        "Id": "ae36ab04-5194-4c8d-8da4-44b8057803cb",
        "FileName": "TrackFolderChanges.zip",
        "Url": "./0/ae36ab04-5194-4c8d-8da4-44b8057803cb",
        "Type": "Application",
        "UploadDate": "2011-11-01T05:25:06.833-07:00"
      }
    ]
  },
  {
    "Id": "1",
    "Name": "Track Folder Changes 1.1",
    "DevelopmentStatus": "Stable",
    "Description": "Fixed exception when right-clicking the root node",
    "ReleasedDatge": "0001-01-01T00:00:00",
    "ModifiedDate": "2011-11-05T04:09:27.92-07:00",
    "Files": [
      {
        "Id": "cfd89856-d6c5-4b40-9368-84bd8cef71f5",
        "FileName": "TrackFolderChanges.zip",
        "Url": "./1/cfd89856-d6c5-4b40-9368-84bd8cef71f5",
        "Type": "Application",
        "UploadDate": "2011-11-05T04:09:26.997-07:00"
      }
    ]
  }
]